{"v":"5.7.4","fr":29.9700012207031,"ip":0,"op":57.0000023216576,"w":800,"h":450,"nm":"rate us","ddd":0,"assets":[{"id":"image_0","w":1703,"h":574,"u":"images/","p":"img_0.png","e":0},{"id":"image_1","w":1372,"h":310,"u":"images/","p":"img_1.png","e":0},{"id":"image_2","w":626,"h":670,"u":"images/","p":"img_2.png","e":0},{"id":"image_3","w":626,"h":670,"u":"images/","p":"img_3.png","e":0},{"id":"image_4","w":1021,"h":1315,"u":"images/","p":"img_4.png","e":0},{"id":"image_5","w":1025,"h":1330,"u":"images/","p":"img_5.png","e":0},{"id":"image_6","w":835,"h":1695,"u":"images/","p":"img_6.png","e":0}],"layers":[{"ddd":0,"ind":1,"ty":2,"nm":"dots.png","cl":"png","refId":"image_0","sr":1,"ks":{"o":{"a":1,"k":[{"i":{"x":[0.667],"y":[1]},"o":{"x":[0.333],"y":[0]},"t":0,"s":[0]},{"t":43.0000017514259,"s":[100]}],"ix":11},"r":{"a":0,"k":0,"ix":10},"p":{"a":0,"k":[391.5,217.5,0],"ix":2,"l":2},"a":{"a":0,"k":[851.5,287,0],"ix":1,"l":2},"s":{"a":0,"k":[22,22,100],"ix":6,"l":2}},"ao":0,"ip":0,"op":57.0000023216576,"st":0,"bm":0},{"ddd":0,"ind":2,"ty":2,"nm":"mobile.png","cl":"png","refId":"image_1","sr":1,"ks":{"o":{"a":0,"k":100,"ix":11},"r":{"a":0,"k":0,"ix":10},"p":{"a":0,"k":[400,405,0],"ix":2,"l":2},"a":{"a":0,"k":[686,155,0],"ix":1,"l":2},"s":{"a":0,"k":[23,23,100],"ix":6,"l":2}},"ao":0,"ip":0,"op":57.0000023216576,"st":0,"bm":0},{"ddd":0,"ind":3,"ty":2,"nm":"5.png","cl":"png","refId":"image_2","sr":1,"ks":{"o":{"a":1,"k":[{"i":{"x":[0.667],"y":[1]},"o":{"x":[0.333],"y":[0]},"t":27,"s":[0]},{"t":37.0000015070409,"s":[100]}],"ix":11},"r":{"a":0,"k":0,"ix":10},"p":{"a":0,"k":[524,385,0],"ix":2,"l":2},"a":{"a":0,"k":[104.304,578.478,0],"ix":1,"l":2},"s":{"a":1,"k":[{"i":{"x":[0.667,0.667,0.667],"y":[1,1,1]},"o":{"x":[0.167,0.167,0.167],"y":[0.167,0.167,0]},"t":27,"s":[0,0,100]},{"i":{"x":[0.667,0.667,0.667],"y":[1,1,1]},"o":{"x":[0.333,0.333,0.333],"y":[0,0,0]},"t":37,"s":[23,23,100]},{"i":{"x":[0.667,0.667,0.667],"y":[1,1,1]},"o":{"x":[0.333,0.333,0.333],"y":[0,0,0]},"t":42,"s":[20,20,100]},{"t":47.0000019143492,"s":[23,23,100]}],"ix":6,"l":2}},"ao":0,"ip":27.0000010997325,"op":57.0000023216576,"st":-33.0000013441176,"bm":0},{"ddd":0,"ind":4,"ty":2,"nm":"1.png","cl":"png","refId":"image_3","sr":1,"ks":{"o":{"a":1,"k":[{"i":{"x":[0.667],"y":[1]},"o":{"x":[0.333],"y":[0]},"t":27,"s":[0]},{"t":37.0000015070409,"s":[100]}],"ix":11},"r":{"a":0,"k":0,"ix":10},"p":{"a":0,"k":[281,393,0],"ix":2,"l":2},"a":{"a":0,"k":[560.826,613.261,0],"ix":1,"l":2},"s":{"a":1,"k":[{"i":{"x":[0.667,0.667,0.667],"y":[1,1,1]},"o":{"x":[0.167,0.167,0.167],"y":[0.167,0.167,16.667]},"t":27,"s":[0,0,100]},{"i":{"x":[0.667,0.667,0.667],"y":[1,1,1]},"o":{"x":[0.333,0.333,0.333],"y":[0,0,0]},"t":37,"s":[23,23,100]},{"i":{"x":[0.667,0.667,0.667],"y":[1,1,1]},"o":{"x":[0.333,0.333,0.333],"y":[0,0,0]},"t":42,"s":[20,20,100]},{"t":47.0000019143492,"s":[23,23,100]}],"ix":6,"l":2}},"ao":0,"ip":27.0000010997325,"op":57.0000023216576,"st":32.0000013033867,"bm":0},{"ddd":0,"ind":5,"ty":2,"nm":"2.png","cl":"png","refId":"image_4","sr":1,"ks":{"o":{"a":0,"k":100,"ix":11},"r":{"a":0,"k":0,"ix":10},"p":{"a":0,"k":[355,371,0],"ix":2,"l":2},"a":{"a":0,"k":[836.587,1161.848,0],"ix":1,"l":2},"s":{"a":1,"k":[{"i":{"x":[0.667,0.667,0.667],"y":[1,1,1]},"o":{"x":[0.167,0.167,0.167],"y":[0.167,0.167,16.667]},"t":11,"s":[0,0,100]},{"i":{"x":[0.667,0.667,0.667],"y":[1,1,1]},"o":{"x":[0.333,0.333,0.333],"y":[0,0,0]},"t":26,"s":[23,23,100]},{"i":{"x":[0.667,0.667,0.667],"y":[1,1,1]},"o":{"x":[0.333,0.333,0.333],"y":[0,0,0]},"t":31,"s":[20,20,100]},{"t":36.0000014663101,"s":[23,23,100]}],"ix":6,"l":2}},"ao":0,"ip":11.0000004480392,"op":57.0000023216576,"st":-4.00000016292334,"bm":0},{"ddd":0,"ind":6,"ty":2,"nm":"4.png","cl":"png","refId":"image_5","sr":1,"ks":{"o":{"a":1,"k":[{"i":{"x":[0.667],"y":[1]},"o":{"x":[0.333],"y":[0]},"t":11,"s":[0]},{"t":26.0000010590017,"s":[100]}],"ix":11},"r":{"a":0,"k":0,"ix":10},"p":{"a":0,"k":[461,370,0],"ix":2,"l":2},"a":{"a":0,"k":[212.5,1165,0],"ix":1,"l":2},"s":{"a":1,"k":[{"i":{"x":[0.667,0.667,0.667],"y":[1,1,1]},"o":{"x":[0.167,0.167,0.167],"y":[0.167,0.167,16.667]},"t":11,"s":[0,0,100]},{"i":{"x":[0.667,0.667,0.667],"y":[1,1,1]},"o":{"x":[0.333,0.333,0.333],"y":[0,0,0]},"t":26,"s":[23,23,100]},{"i":{"x":[0.667,0.667,0.667],"y":[1,1,1]},"o":{"x":[0.333,0.333,0.333],"y":[0,0,0]},"t":31,"s":[20,20,100]},{"t":36.0000014663101,"s":[23,23,100]}],"ix":6,"l":2}},"ao":0,"ip":11.0000004480392,"op":57.0000023216576,"st":-34.0000013848484,"bm":0},{"ddd":0,"ind":7,"ty":2,"nm":"3.png","cl":"png","refId":"image_6","sr":1,"ks":{"o":{"a":1,"k":[{"i":{"x":[0.667],"y":[1]},"o":{"x":[0.333],"y":[0]},"t":0,"s":[0]},{"t":15.0000006109625,"s":[100]}],"ix":11},"r":{"a":0,"k":0,"ix":10},"p":{"a":0,"k":[401,373,0],"ix":2,"l":2},"a":{"a":0,"k":[421.848,1490.978,0],"ix":1,"l":2},"s":{"a":1,"k":[{"i":{"x":[0.667,0.667,0.667],"y":[1,1,1]},"o":{"x":[0.167,0.167,0.167],"y":[0.167,0.167,15.333]},"t":0,"s":[0,0,100]},{"i":{"x":[0.667,0.667,0.667],"y":[1,1,1]},"o":{"x":[0.333,0.333,0.333],"y":[0,0,0]},"t":15,"s":[23,23,100]},{"i":{"x":[0.667,0.667,0.667],"y":[1,1,1]},"o":{"x":[0.333,0.333,0.333],"y":[0,0,0]},"t":20,"s":[20,20,100]},{"t":25.0000010182709,"s":[23,23,100]}],"ix":6,"l":2}},"ao":0,"ip":0,"op":57.0000023216576,"st":-30.0000012219251,"bm":0}],"markers":[]}